ground_truth_report,ai_generated_advice
"Case Report (PMC13333062): Prospective feasibility study of a telehealth platform for community-based NCD risk assessment by community health leaders in rural northern Thailand.. Patient parameters: Blood Pressure: 135/85 mmHg, Fasting Glucose: 105 mg/dL, Total Cholesterol: 210 mg/dL.",
"Case Report (PMC13333120): Super-refractory Status Epilepticus in Febrile Infection-Related Epilepsy Syndrome Triggered by Influenza A: A Pediatric Case Report.. Patient parameters: Blood Pressure: 135/85 mmHg, Fasting Glucose: 105 mg/dL, Total Cholesterol: 210 mg/dL.",
"Case Report (PMC13333250): Giant Hemangiomatous Adrenal Cyst Mimicking a Hemorrhagic Hepatic Cyst: A Case Report.. Patient parameters: Serum Creatinine: 1.8 mg/dL, eGFR: 45 mL/min/1.73m2, BUN: 28 mg/dL.",
"Case Report (PMC13333211): A Case of Pancreatic Cancer with High Tumor Mutation Burden Showing a Remarkable Response to Pembrolizumab.. Patient parameters: Blood Pressure: 135/85 mmHg, Fasting Glucose: 105 mg/dL, Total Cholesterol: 210 mg/dL.",
"Case Report (PMC13333224): Abiraterone-Induced Hypokalemia and Hypophosphatemia: A Case Report.. Patient parameters: Blood Pressure: 135/85 mmHg, Fasting Glucose: 105 mg/dL, Total Cholesterol: 210 mg/dL.",
"Case Report (PMC13332853): Biphasic Clinical Course Revealing Lemierre's Syndrome Following Acute Pharyngotonsillitis: A Case Report.. Patient parameters: Blood Pressure: 135/85 mmHg, Fasting Glucose: 105 mg/dL, Total Cholesterol: 210 mg/dL.",
"Case Report (PMC13333198): Urinary Tract Infection Caused by Burkholderia cenocepacia in a Newborn: A Case Report.. Patient parameters: Blood Pressure: 135/85 mmHg, Fasting Glucose: 105 mg/dL, Total Cholesterol: 210 mg/dL.",
"Case Report (PMC13333163): Significance of Gastrointestinal Histiocytosis: A Case Series and Literature Review.. Patient parameters: Blood Pressure: 135/85 mmHg, Fasting Glucose: 105 mg/dL, Total Cholesterol: 210 mg/dL.",
"Case Report (PMC13333185): Asymptomatic Pembrolizumab-Associated Hypertriglyceridemia.. Patient parameters: Blood Pressure: 135/85 mmHg, Fasting Glucose: 105 mg/dL, Total Cholesterol: 210 mg/dL.",
"Case Report (PMC13333182): Microscopic Polyangiitis With Temporal Artery Involvement Mimicking Giant Cell Arteritis.. Patient parameters: Blood Pressure: 135/85 mmHg, Fasting Glucose: 105 mg/dL, Total Cholesterol: 210 mg/dL.",
"Case Report (PMC13333146): Severe Bradycardia, Renal Failure, Atrioventricular Nodal Blockade, Shock, and Hyperkalemia (BRASH) Syndrome Successfully Managed With Transvenous Pacing and Continuous Renal Replacement Therapy.. Patient parameters: Serum Creatinine: 1.8 mg/dL, eGFR: 45 mL/min/1.73m2, BUN: 28 mg/dL.",
"Case Report (PMC13332906): Immunoglobulin A nephropathy with superimposed minimal change disease complicated by acute kidney injury requiring temporary hemodialysis.. Patient parameters: Serum Creatinine: 1.8 mg/dL, eGFR: 45 mL/min/1.73m2, BUN: 28 mg/dL.",
"Case Report (PMC13332979): Update on Genetic Chorea.. Patient parameters: Blood Pressure: 135/85 mmHg, Fasting Glucose: 105 mg/dL, Total Cholesterol: 210 mg/dL.",
"Case Report (PMC13332986): Single Port Robotic Surgery in Benign Urologic Disease - A Review of Contemporary Applications and Outcomes.. Patient parameters: Blood Pressure: 135/85 mmHg, Fasting Glucose: 105 mg/dL, Total Cholesterol: 210 mg/dL.",
"Case Report (PMC13332954): Myocarditis as the first sign of SLE: a case report and review of the literature.. Patient parameters: Blood Pressure: 135/85 mmHg, Fasting Glucose: 105 mg/dL, Total Cholesterol: 210 mg/dL.",
"Case Report (PMC13333094): Corticosteroid-associated osteonecrosis in paediatric compared with adult patients: are they the same disease?. Patient parameters: Blood Pressure: 135/85 mmHg, Fasting Glucose: 105 mg/dL, Total Cholesterol: 210 mg/dL.",
"Case Report (PMC13333066): Genetic screens of imaging-derived kidney volumes identify genes linked to kidney function.. Patient parameters: Serum Creatinine: 1.8 mg/dL, eGFR: 45 mL/min/1.73m2, BUN: 28 mg/dL.",
"Case Report (PMC13333232): Lecithin for dementia and cognitive impairment.. Patient parameters: Blood Pressure: 135/85 mmHg, Fasting Glucose: 105 mg/dL, Total Cholesterol: 210 mg/dL.",
"Case Report (PMC13331987): Exercise-induced anaphylaxis with a cofactor of GIP/GLP-1 receptor agonist: A case report.. Patient parameters: Blood Pressure: 135/85 mmHg, Fasting Glucose: 105 mg/dL, Total Cholesterol: 210 mg/dL.",
"Case Report (PMC13332506): Reversible severe mitral regurgitation during immunotherapy in a structurally vulnerable valve: a case report.. Patient parameters: Blood Pressure: 135/85 mmHg, Fasting Glucose: 105 mg/dL, Total Cholesterol: 210 mg/dL.",
"Case Report (PMC13332498): Mobile caseous mitral annular calcification as a cause of recurrent cardioembolic stroke: a case report.. Patient parameters: Blood Pressure: 135/85 mmHg, Fasting Glucose: 105 mg/dL, Total Cholesterol: 210 mg/dL.",
"Case Report (PMC13331774): Transfusion-transmitted Plasmodium vivax malaria in a hemodialysis patient in non-endemic area: A case report.. Patient parameters: Blood Pressure: 135/85 mmHg, Fasting Glucose: 105 mg/dL, Total Cholesterol: 210 mg/dL.",
"Case Report (PMC13331771): When MRI and CSF are inconclusive: A case report of neurobrucellosis presenting with dysarthria in an adolescent.. Patient parameters: Blood Pressure: 135/85 mmHg, Fasting Glucose: 105 mg/dL, Total Cholesterol: 210 mg/dL.",
"Case Report (PMC13332253): Severe hypercalcemia in a cat following treatment with antibiotic impregnated calcium sulfate carrier material for chronic pyogranulomatous panniculitis.. Patient parameters: Blood Pressure: 135/85 mmHg, Fasting Glucose: 105 mg/dL, Total Cholesterol: 210 mg/dL.",
"Case Report (PMC13331966): Cholesterol in amyotrophic lateral sclerosis: a bystander, a biomarker, or a target?. Patient parameters: Total Cholesterol: 245 mg/dL, LDL: 162 mg/dL, HDL: 38 mg/dL, Triglycerides: 180 mg/dL.",
"Case Report (PMC13332131): Case of Myelodysplastic Syndrome 15 Years After Kidney Transplantation Under Long-Term Immunosuppression.. Patient parameters: Serum Creatinine: 1.8 mg/dL, eGFR: 45 mL/min/1.73m2, BUN: 28 mg/dL.",
"Case Report (PMC13332731): Therapeutic Potential of Ziyuglycosides from Sanguisorba officinalis: Anticancer and Immunomodulatory Properties.. Patient parameters: Blood Pressure: 135/85 mmHg, Fasting Glucose: 105 mg/dL, Total Cholesterol: 210 mg/dL.",
"Case Report (PMC13332135): Diagnostic Dilemma: Challenges in Differentiating Gastric Abscess From Malignancy-A Case Report.. Patient parameters: Blood Pressure: 135/85 mmHg, Fasting Glucose: 105 mg/dL, Total Cholesterol: 210 mg/dL.",
"Case Report (PMC13331781): Autochthonous canine cutaneous leishmaniasis caused by Leishmania (Mundinia) martiniquensis in Thailand: First evidence with successful intralesional amphotericin B treatment and a review of animal infections worldwide.. Patient parameters: Blood Pressure: 135/85 mmHg, Fasting Glucose: 105 mg/dL, Total Cholesterol: 210 mg/dL.",
"Case Report (PMC13331757): When measles is not benign: meningoencephalitis and status epilepticus in an unvaccinated adolescent (case report).. Patient parameters: Blood Pressure: 135/85 mmHg, Fasting Glucose: 105 mg/dL, Total Cholesterol: 210 mg/dL.",
"Case Report (PMC13331876): Pregnancy in Lysinuric Protein Intolerance Complicated by Immune Dysregulation and Severe Thrombocytopenia.. Patient parameters: Blood Pressure: 135/85 mmHg, Fasting Glucose: 105 mg/dL, Total Cholesterol: 210 mg/dL.",
"Case Report (PMC13332486): Case Report: A rare case of gastric cardia bronchogenic cyst: diagnostic challenges and EUS findings with elevated cyst-fluid tumor markers.. Patient parameters: Blood Pressure: 135/85 mmHg, Fasting Glucose: 105 mg/dL, Total Cholesterol: 210 mg/dL.",
"Case Report (PMC13331784): Efficacy and safety of pegzilarginase in patients below 2 years of age with arginase 1 deficiency: a phase 3, open-label, multi-centre study.. Patient parameters: Blood Pressure: 135/85 mmHg, Fasting Glucose: 105 mg/dL, Total Cholesterol: 210 mg/dL.",
"Case Report (PMC13332762): Clinical Outcomes and Treatment-Related Complications in Triple-Negative Breast Cancer: A Review of 24 Case Reports from 2020 to 2025.. Patient parameters: Blood Pressure: 135/85 mmHg, Fasting Glucose: 105 mg/dL, Total Cholesterol: 210 mg/dL.",
"Case Report (PMC13332074): Integrating immediate Kangaroo Mother Care as an integral part of small and sick newborn care in facilities with level 2 Special Newborn Care Units: Implementation Research Protocol.. Patient parameters: Blood Pressure: 135/85 mmHg, Fasting Glucose: 105 mg/dL, Total Cholesterol: 210 mg/dL.",
"Case Report (PMC13332126): Rare Early Coexistence of Classic Urothelial and Small Cell Carcinoma of the Urinary Bladder.. Patient parameters: Blood Pressure: 135/85 mmHg, Fasting Glucose: 105 mg/dL, Total Cholesterol: 210 mg/dL.",
"Case Report (PMC13331805): TREM1-mediated macrophage activation drives voriconazole-induced hepatic steatosis: Diagnostic and therapeutic implications.. Patient parameters: Blood Pressure: 135/85 mmHg, Fasting Glucose: 105 mg/dL, Total Cholesterol: 210 mg/dL.",
"Case Report (PMC13332407): Long-Term Follow-Up of Patients With Classic Fever of Unknown Origin: Prognostic Outcomes and Management Strategies.. Patient parameters: Blood Pressure: 135/85 mmHg, Fasting Glucose: 105 mg/dL, Total Cholesterol: 210 mg/dL.",
"Case Report (PMC13332832): Atypical Vesicular Skin Eruption Following a Low-Dose Methotrexate Dosing Error: A Case Report.. Patient parameters: Blood Pressure: 135/85 mmHg, Fasting Glucose: 105 mg/dL, Total Cholesterol: 210 mg/dL.",
"Case Report (PMC13332354): Extensive Pneumomediastinum, Pneumopericardium, and Subcutaneous Emphysema Complicating Anti-melanoma Differentiation-Associated Gene 5 (Anti-MDA5)-Positive Dermatomyositis-Associated Fibrosing Interstitial Lung Disease: A CT-Based Case Report.. Patient parameters: Blood Pressure: 135/85 mmHg, Fasting Glucose: 105 mg/dL, Total Cholesterol: 210 mg/dL.",
"Case Report (PMC13332705): Antineutrophil Cytoplasmic Antibody (ANCA)-Positive Eosinophilic Granulomatosis With Polyangiitis Presenting With Refractory Asthma, Mononeuritis Multiplex, and Cutaneous Vasculitis: A Case Report.. Patient parameters: Blood Pressure: 135/85 mmHg, Fasting Glucose: 105 mg/dL, Total Cholesterol: 210 mg/dL.",
"Case Report (PMC13332483): Lady Windermere Syndrome Presenting As Prolonged Febrile Illness in an Immunocompetent Woman.. Patient parameters: Blood Pressure: 135/85 mmHg, Fasting Glucose: 105 mg/dL, Total Cholesterol: 210 mg/dL.",
"Case Report (PMC13331933): The Effects of Malnutrition and Refeeding on Perioperative Wound Complications in Surgical Patients With Eating Disorders: A Narrative Review.. Patient parameters: Blood Pressure: 135/85 mmHg, Fasting Glucose: 105 mg/dL, Total Cholesterol: 210 mg/dL.",
"Case Report (PMC13332809): An Idiopathic Hepatic Hematoma Presenting in the Neonatal Period.. Patient parameters: Blood Pressure: 135/85 mmHg, Fasting Glucose: 105 mg/dL, Total Cholesterol: 210 mg/dL.",
"Case Report (PMC13332181): Vacuoles, E1 Enzyme, X-linked, Autoinflammatory, Somatic (VEXAS) Syndrome Mimicking Antineutrophil Cytoplasmic Antibody (ANCA)-Associated Vasculitis: A Delayed Diagnosis in a Patient With Multisystem Inflammation and Neutrophilic Dermatosis.. Patient parameters: Blood Pressure: 135/85 mmHg, Fasting Glucose: 105 mg/dL, Total Cholesterol: 210 mg/dL.",
"Case Report (PMC13332833): Multifocal Peritoneal Mucinous Carcinoma Presenting as Small Bowel Obstruction: A Case Report.. Patient parameters: Blood Pressure: 135/85 mmHg, Fasting Glucose: 105 mg/dL, Total Cholesterol: 210 mg/dL.",
"Case Report (PMC13332799): Fulminant Mantle Cell Lymphoma Presenting With Hepatic Infiltration and Spontaneous Tumor Lysis Syndrome.. Patient parameters: Blood Pressure: 135/85 mmHg, Fasting Glucose: 105 mg/dL, Total Cholesterol: 210 mg/dL.",
"Case Report (PMC13332707): Right Atrial Epithelioid Angiosarcoma in a 44-Year-Old Woman: A Case Report.. Patient parameters: Blood Pressure: 135/85 mmHg, Fasting Glucose: 105 mg/dL, Total Cholesterol: 210 mg/dL.",
"Case Report (PMC13332849): Sweet Syndrome in a Patient With Acute Myeloid Leukemia: A Diagnostic Challenge in the Setting of Chemotherapy-Induced Neutropenia.. Patient parameters: Blood Pressure: 135/85 mmHg, Fasting Glucose: 105 mg/dL, Total Cholesterol: 210 mg/dL.",
"Case Report (PMC13332690): Convulsive Seizure as a Presenting Symptom of Extreme Anaemia: A Case Report.. Patient parameters: Blood Pressure: 135/85 mmHg, Fasting Glucose: 105 mg/dL, Total Cholesterol: 210 mg/dL.",
"Case Report (PMC13332531): A Broad Scope of Differentials: Helicobacter pylori-Associated Chronic Gastritis Mimicking a Gastrointestinal Stromal Tumor.. Patient parameters: Blood Pressure: 135/85 mmHg, Fasting Glucose: 105 mg/dL, Total Cholesterol: 210 mg/dL.",
"Case Report (PMC13332180): Boerhaave Syndrome With Concomitant Duodenal Perforation: A Rare Case Complicated by Mediastinitis and Empyema.. Patient parameters: Blood Pressure: 135/85 mmHg, Fasting Glucose: 105 mg/dL, Total Cholesterol: 210 mg/dL.",
"Case Report (PMC13331934): Sodium-Glucose Cotransporter-2 (SGLT2) Inhibitors as Therapy for Hidradenitis Suppurativa and Other Inflammatory Skin Diseases: A Narrative Review.. Patient parameters: Fasting Glucose: 142 mg/dL, HbA1c: 7.4%.",
"Case Report (PMC13331777): POEMS syndrome: A case report.. Patient parameters: Blood Pressure: 135/85 mmHg, Fasting Glucose: 105 mg/dL, Total Cholesterol: 210 mg/dL.",
"Case Report (PMC13331800): Extra gastrointestinal stromal tumor (EGIST) of the ischioanal space detected on pelvic MRI.. Patient parameters: Blood Pressure: 135/85 mmHg, Fasting Glucose: 105 mg/dL, Total Cholesterol: 210 mg/dL.",
"Case Report (PMC13332772): Trastuzumab-Conjugated Nanoliposomes for Targeted Capecitabine Delivery to Suppress HER2-Positive Breast Tumor: Efficacy Analysis in NOD SCID Mice Xenografts.. Patient parameters: Blood Pressure: 135/85 mmHg, Fasting Glucose: 105 mg/dL, Total Cholesterol: 210 mg/dL.",
"Case Report (PMC13332607): Iron deficiency in primary care patients with heart failure: a cross-sectional study of the heart failure in Southern Sweden (HISS) cohort.. Patient parameters: Blood Pressure: 135/85 mmHg, Fasting Glucose: 105 mg/dL, Total Cholesterol: 210 mg/dL.",
"Case Report (PMC13331904): LC-QQQ serum metabolomics reveals disease-specific metabolic signatures and diagnostic metabolite panels distinguishing polycythaemia vera from secondary polycythaemia.. Patient parameters: Blood Pressure: 135/85 mmHg, Fasting Glucose: 105 mg/dL, Total Cholesterol: 210 mg/dL.",
"Case Report (PMC13332279): Co-occurrence of Griscelli Syndrome Type 2 and Systemic Juvenile Idiopathic Arthritis in a Pediatric Patient: A Case Report.. Patient parameters: Blood Pressure: 135/85 mmHg, Fasting Glucose: 105 mg/dL, Total Cholesterol: 210 mg/dL.",
"Case Report (PMC13332266): Hemichorea associated with nonketotic hyperglycemia: A case report with unremarkable neuroimaging at presentation.. Patient parameters: Blood Pressure: 135/85 mmHg, Fasting Glucose: 105 mg/dL, Total Cholesterol: 210 mg/dL.",
"Case Report (PMC13332623): Heyde Syndrome in Moderate Bioprosthetic Aortic Valve Stenosis: A Twist in the Valve.. Patient parameters: Blood Pressure: 135/85 mmHg, Fasting Glucose: 105 mg/dL, Total Cholesterol: 210 mg/dL.",
"Case Report (PMC13332624): Recurrent Prosthetic Valve Endocarditis With Aortomitral Curtain Destruction in an Elderly Patient.. Patient parameters: Blood Pressure: 135/85 mmHg, Fasting Glucose: 105 mg/dL, Total Cholesterol: 210 mg/dL.",
"Case Report (PMC13332636): High-Risk Valve-in-Valve TAVR With Chronic Type B Aortic Dissection.. Patient parameters: Blood Pressure: 135/85 mmHg, Fasting Glucose: 105 mg/dL, Total Cholesterol: 210 mg/dL.",
"Case Report (PMC13332672): Endocarditis Masquerading as Malignancy: Native Valve HACEK Infection.. Patient parameters: Blood Pressure: 135/85 mmHg, Fasting Glucose: 105 mg/dL, Total Cholesterol: 210 mg/dL.",
"Case Report (PMC13332648): Redo Transcatheter Aortic Valve Replacement for Degenerated Valve With High-Risk Coronary Anatomy.. Patient parameters: Blood Pressure: 135/85 mmHg, Fasting Glucose: 105 mg/dL, Total Cholesterol: 210 mg/dL.",
"Case Report (PMC13332643): Protected Mitral TEER With Temporary Ventricular Circulatory Support in Severe Left Ventricular Dysfunction for Heart Failure Management.. Patient parameters: Blood Pressure: 135/85 mmHg, Fasting Glucose: 105 mg/dL, Total Cholesterol: 210 mg/dL.",
"Case Report (PMC13332629): Transcatheter Edge-to-Edge Repair in a Patient With Severe Degenerative Mitral Regurgitation and Mirror-Image Dextrocardia.. Patient parameters: Blood Pressure: 135/85 mmHg, Fasting Glucose: 105 mg/dL, Total Cholesterol: 210 mg/dL.",
"Case Report (PMC13332340): Current Evidence, Emerging Evidence, and Decision-Making: An Algorithm for Leaflet Modification Procedures.. Patient parameters: Blood Pressure: 135/85 mmHg, Fasting Glucose: 105 mg/dL, Total Cholesterol: 210 mg/dL.",
"Case Report (PMC13331954): Real-world outcomes of ponatinib in heavily pretreated patients with chronic myeloid leukemia and Philadelphia chromosome-positive acute lymphoblastic leukemia.. Patient parameters: Blood Pressure: 135/85 mmHg, Fasting Glucose: 105 mg/dL, Total Cholesterol: 210 mg/dL.",
"Case Report (PMC13332626): Infective Endocarditis Mimicking Reactive Arthritis: A Diagnostic Detour.. Patient parameters: Blood Pressure: 135/85 mmHg, Fasting Glucose: 105 mg/dL, Total Cholesterol: 210 mg/dL.",
"Case Report (PMC13332638): Temporary Mechanical Support as a Bridge to Transcatheter Aortic Valve Replacement in Cardiogenic Shock.. Patient parameters: Blood Pressure: 135/85 mmHg, Fasting Glucose: 105 mg/dL, Total Cholesterol: 210 mg/dL.",
"Case Report (PMC13332642): Dedicated Transcatheter Valve for Pure Aortic Regurgitation in a Failed Stentless Bioprosthesis.. Patient parameters: Blood Pressure: 135/85 mmHg, Fasting Glucose: 105 mg/dL, Total Cholesterol: 210 mg/dL.",
"Case Report (PMC13332666): Organizing Hematoma Involving a Native Tricuspid Valve: Fatal Case of Cardiac Behçet Disease-Hughes-Stovin Syndrome Overlap.. Patient parameters: Blood Pressure: 135/85 mmHg, Fasting Glucose: 105 mg/dL, Total Cholesterol: 210 mg/dL.",
"Case Report (PMC13331430): Glucose-6-phosphate dehydrogenase deficiency in ischemic stroke: Underlying mechanisms and clinical challenges.. Patient parameters: Fasting Glucose: 142 mg/dL, HbA1c: 7.4%.",
"Case Report (PMC13331397): High-salt diet in macrophage-associated metabolic disorders: Mechanisms and therapeutic implications.. Patient parameters: Blood Pressure: 135/85 mmHg, Fasting Glucose: 105 mg/dL, Total Cholesterol: 210 mg/dL.",
"Case Report (PMC13332662): Transcatheter Aortic Valve Replacement in Aortic Regurgitation Secondary to Aortic Valvulitis.. Patient parameters: Blood Pressure: 135/85 mmHg, Fasting Glucose: 105 mg/dL, Total Cholesterol: 210 mg/dL.",
"Case Report (PMC13332651): Valve-in-Valve Transcatheter Aortic Valve Replacement After a Valve-in-Valve Transcatheter Mitral Valve Replacement.. Patient parameters: Blood Pressure: 135/85 mmHg, Fasting Glucose: 105 mg/dL, Total Cholesterol: 210 mg/dL.",
"Case Report (PMC13332203): Complementary fluorescence and photoacoustic imaging of tozuleristide in muscle tissue in vitro- toward optically-guided solid tumor surgery: feasibility studies.. Patient parameters: Blood Pressure: 135/85 mmHg, Fasting Glucose: 105 mg/dL, Total Cholesterol: 210 mg/dL.",
"Case Report (PMC13332669): Mitral Edge-to-Edge Repair Resolves Hemolytic Anemia After Surgical Mitral Valve Repair.. Patient parameters: Hemoglobin: 9.8 g/dL, RBC Count: 3.2 million/uL.",
"Case Report (PMC12320744): Total-body positron emission tomography: Investigating mechanisms in cardiovascular-kidney-metabolic syndrome.. Patient parameters: Serum Creatinine: 1.8 mg/dL, eGFR: 45 mL/min/1.73m2, BUN: 28 mg/dL.",
"Case Report (PMC12228622): Efficacy of dostarlimab in recurrent or advanced mismatch Repair-Deficient endometrial Cancer as a Single-Agent therapy: A systematic review and Meta-Analysis.. Patient parameters: Blood Pressure: 135/85 mmHg, Fasting Glucose: 105 mg/dL, Total Cholesterol: 210 mg/dL.",
"Case Report (PMC13332140): Bulbar “Red Flag” Symptoms and a 21‐Year Diagnostic Delay in Adult Arnold–Chiari Type II Malformation With Tracheoesophageal Fistula and Syringomyelia: A Case Report.. Patient parameters: Blood Pressure: 135/85 mmHg, Fasting Glucose: 105 mg/dL, Total Cholesterol: 210 mg/dL.",
"Case Report (PMC13329008): Association between clinical features of isolated coronary artery ectasia and circulating levels of inflammatory markers.. Patient parameters: Blood Pressure: 135/85 mmHg, Fasting Glucose: 105 mg/dL, Total Cholesterol: 210 mg/dL.",
"Case Report (PMC13330660): The Effect of Glucagon-Like Peptide-1 Receptor Agonists on Pain Management in Chronic Pancreatitis: A Real-World Cohort Study.. Patient parameters: Blood Pressure: 135/85 mmHg, Fasting Glucose: 105 mg/dL, Total Cholesterol: 210 mg/dL.",
"Case Report (PMC13331277): Improvement of persistent anuria by long-term percutaneous ventricular assist device management and successful bridge to left ventricular assist device implantation in a patient with acute myocardial infarction: a case report.. Patient parameters: Blood Pressure: 135/85 mmHg, Fasting Glucose: 105 mg/dL, Total Cholesterol: 210 mg/dL.",
"Case Report (PMC13329110): Bilateral Giant Cell Tumour of the Achilles Tendon Sheath: A Rare Case Managed with Peroneus Brevis Tendon Transfer.. Patient parameters: Blood Pressure: 135/85 mmHg, Fasting Glucose: 105 mg/dL, Total Cholesterol: 210 mg/dL.",
"Case Report (PMC13330522): Von Willebrand disease: A century of progress.. Patient parameters: Blood Pressure: 135/85 mmHg, Fasting Glucose: 105 mg/dL, Total Cholesterol: 210 mg/dL.",
"Case Report (PMC13331456): Three Empty Bottles and a Wide QRS: Rapid Alkalinization Rescue in Propafenone Overdose.. Patient parameters: Blood Pressure: 135/85 mmHg, Fasting Glucose: 105 mg/dL, Total Cholesterol: 210 mg/dL.",
"Case Report (PMC13331622): Microbiome alternative treatments for hepatic encephalopathy: Reassessment of the potential use of lactose in lactase non-persistent cirrhosis patients.. Patient parameters: Blood Pressure: 135/85 mmHg, Fasting Glucose: 105 mg/dL, Total Cholesterol: 210 mg/dL.",
"Case Report (PMC13328172): FcRn antagonist and C5 complement inhibitor as early rescue strategies in severe Myasthenia Gravis: a two-case report.. Patient parameters: Blood Pressure: 135/85 mmHg, Fasting Glucose: 105 mg/dL, Total Cholesterol: 210 mg/dL.",
"Case Report (PMC13327930): Contemporary review of primary membranous nephropathy.. Patient parameters: Serum Creatinine: 1.8 mg/dL, eGFR: 45 mL/min/1.73m2, BUN: 28 mg/dL.",
"Case Report (PMC13331114): Adjudication instrument for infection in critically injured trauma patients.. Patient parameters: Blood Pressure: 135/85 mmHg, Fasting Glucose: 105 mg/dL, Total Cholesterol: 210 mg/dL.",
"Case Report (PMC13328833): Limits to the ""Medical Clearance"" of Patients Presenting With Psychiatric Changes: A Case Report and Review of the Literature.. Patient parameters: Blood Pressure: 135/85 mmHg, Fasting Glucose: 105 mg/dL, Total Cholesterol: 210 mg/dL.",
"Case Report (PMC13328430): Phytomedicines in preclinical and clinical research on antipsychotics-induced EPS/EPS-like behaviors: therapeutic effects and neurobiological mechanisms.. Patient parameters: Blood Pressure: 135/85 mmHg, Fasting Glucose: 105 mg/dL, Total Cholesterol: 210 mg/dL.",
"Case Report (PMC13328834): Divergent Blood Pressure Thresholds in Hypertensive Disorders of Pregnancy: A Narrative Review of Global Guideline Discordance and Clinical Implications.. Patient parameters: Hemoglobin: 9.8 g/dL, RBC Count: 3.2 million/uL.",
"Case Report (PMC13328208): Tirzepatide-Induced Functional Small Bowel Obstruction in a Surgically Naïve Patient: A Case Report.. Patient parameters: Blood Pressure: 135/85 mmHg, Fasting Glucose: 105 mg/dL, Total Cholesterol: 210 mg/dL.",
"Case Report (PMC13329677): Severe Postpartum Hemorrhage After Vaginal Delivery in an Osteogenesis Imperfecta Type I Patient: A Case Report.. Patient parameters: Blood Pressure: 135/85 mmHg, Fasting Glucose: 105 mg/dL, Total Cholesterol: 210 mg/dL.",
"Case Report (PMC13328210): Severe Neutropenia and Esophagitis Associated With Avelumab for Urothelial Carcinoma: A Case Report.. Patient parameters: Blood Pressure: 135/85 mmHg, Fasting Glucose: 105 mg/dL, Total Cholesterol: 210 mg/dL.",
"Case Report (PMC13328209): Case Series of Intracranial Central Primitive Neuroectodermal Tumor in Two Adults Treated With Craniospinal Irradiation.. Patient parameters: Blood Pressure: 135/85 mmHg, Fasting Glucose: 105 mg/dL, Total Cholesterol: 210 mg/dL.",
"Case Report (PMC13331472): Congenital Acute Lymphoblastic Leukaemia with Hyperleucocytosis in a Full-Term Neonate: A Case Report.. Patient parameters: Blood Pressure: 135/85 mmHg, Fasting Glucose: 105 mg/dL, Total Cholesterol: 210 mg/dL.",
